{
  "dataset_info": {
    "samples": 1366,
    "ap_features": 143,
    "room_classes": 30,
    "room_class_min_count": 41,
    "room_class_counts": {
      "10.1.31": 71,
      "10.1.08": 64,
      "stair3": 51,
      "stair2": 51,
      "10.1.14": 50,
      "10.1.17": 49,
      "10.1.18": 46,
      "10.1.27": 45,
      "10.1.33": 44,
      "10.1.34": 44,
      "10.1.05": 44,
      "10.1.30": 44,
      "10.1.19B": 44,
      "E2": 43,
      "stair4": 43,
      "10.1.03": 43,
      "10.1.19C": 43,
      "10.1.19A": 43,
      "E1": 43,
      "10.1.16": 43,
      "stair6": 42,
      "stair5": 42,
      "10.1.06": 42,
      "10.1.13": 42,
      "10.1.04": 42,
      "10.1.02": 42,
      "10.1.29": 42,
      "10.1.28": 42,
      "10.1.01": 41,
      "stair1": 41
    },
    "floor_classes": 2,
    "floor_class_counts": {
      "1": 1196,
      "2": 170
    },
    "cv_folds_room": 5
  },
  "room_cv": {
    "knn": {
      "accuracy_mean": 0.9502152348867678,
      "accuracy_std": 0.008873497722334426,
      "f1_macro_mean": 0.9499274778461316,
      "f1_macro_std": 0.008776635767779581
    },
    "mlp": {
      "accuracy_mean": 0.9582658217694714,
      "accuracy_std": 0.007570734280595172,
      "f1_macro_mean": 0.9592647120782333,
      "f1_macro_std": 0.007708088440530679
    }
  },
  "room_holdout": {
    "knn": {
      "accuracy": 0.9452554744525548,
      "precision_macro": 0.9531607744107744,
      "recall_macro": 0.945517908017908,
      "f1_macro": 0.9464191770275362
    },
    "mlp": {
      "accuracy": 0.9598540145985401,
      "precision_macro": 0.9676707551707552,
      "recall_macro": 0.9594729344729345,
      "f1_macro": 0.9614696872901207
    }
  },
  "floor_holdout": {
    "accuracy": 1.0,
    "precision_macro": 1.0,
    "recall_macro": 1.0,
    "f1_macro": 1.0
  },
  "best_room_model": "mlp",
  "building_id": 10
}