{
  "dataset_info": {
    "samples": 1366,
    "wap_features": 143,
    "room_classes": 30,
    "room_class_min_count": 41,
    "room_class_counts": {
      "10.1.31": 71,
      "10.1.08": 64,
      "stair3": 51,
      "stair2": 51,
      "10.1.14": 50,
      "10.1.17": 49,
      "10.1.18": 46,
      "10.1.27": 45,
      "10.1.33": 44,
      "10.1.34": 44,
      "10.1.05": 44,
      "10.1.30": 44,
      "10.1.19B": 44,
      "E2": 43,
      "stair4": 43,
      "10.1.03": 43,
      "10.1.19C": 43,
      "10.1.19A": 43,
      "E1": 43,
      "10.1.16": 43,
      "stair6": 42,
      "stair5": 42,
      "10.1.06": 42,
      "10.1.13": 42,
      "10.1.04": 42,
      "10.1.02": 42,
      "10.1.29": 42,
      "10.1.28": 42,
      "10.1.01": 41,
      "stair1": 41
    },
    "floor_classes": 2,
    "floor_class_counts": {
      "1": 1196,
      "2": 170
    },
    "cv_folds_room": 5
  },
  "room_cv": {
    "knn": {
      "accuracy_mean": 0.9384962968904575,
      "accuracy_std": 0.01757954683397274,
      "precision_macro_mean": 0.9448417704300057,
      "precision_macro_std": 0.015720363985290014,
      "recall_macro_mean": 0.9377983312983312,
      "recall_macro_std": 0.01899121781254573,
      "f1_macro_mean": 0.9380416029173693,
      "f1_macro_std": 0.018892345085115104
    },
    "mlp": {
      "accuracy_mean": 0.9568113152054758,
      "accuracy_std": 0.010702984833062609,
      "precision_macro_mean": 0.9616542847131082,
      "precision_macro_std": 0.010070304725135355,
      "recall_macro_mean": 0.9567716357716357,
      "recall_macro_std": 0.010754981104506177,
      "f1_macro_mean": 0.9568620553750652,
      "f1_macro_std": 0.010980545510722126
    }
  },
  "room_holdout": {
    "knn": {
      "accuracy": 0.948905109489051,
      "precision_macro": 0.9555850168350168,
      "recall_macro": 0.9492216117216117,
      "f1_macro": 0.9503226857994659
    },
    "mlp": {
      "accuracy": 0.9379562043795621,
      "precision_macro": 0.9447582972582972,
      "recall_macro": 0.938017908017908,
      "f1_macro": 0.9385702344660388
    }
  },
  "floor_holdout": {
    "accuracy": 1.0,
    "precision_macro": 1.0,
    "recall_macro": 1.0,
    "f1_macro": 1.0
  },
  "best_room_model": "knn",
  "notes": [
    "xgboost not available; xgb model skipped"
  ]
}