{
  "dataset_info": {
    "samples": 2089,
    "ap_features": 178,
    "imu_features": 10,
    "total_features": 188,
    "room_classes": 47,
    "room_class_min_count": 39,
    "room_class_counts": {
      "10.1.31": 71,
      "10.1.08": 64,
      "stair3": 51,
      "stair2": 51,
      "10.1.14": 50,
      "10.1.17": 49,
      "10.2.04": 48,
      "10.2.12": 46,
      "10.1.18": 46,
      "10.2.01": 46,
      "10.2.08": 46,
      "10.1.27": 45,
      "10.1.33": 44,
      "10.1.34": 44,
      "10.1.05": 44,
      "10.1.19B": 44,
      "10.1.30": 44,
      "10.1.16": 43,
      "10.1.19A": 43,
      "stair4": 43,
      "10.1.03": 43,
      "10.1.19C": 43,
      "E1": 43,
      "10.2.03": 43,
      "E2": 43,
      "stair6": 42,
      "stair5": 42,
      "10.2.15D": 42,
      "10.2.15B": 42,
      "10.2.16": 42,
      "10.2.17": 42,
      "10.1.29": 42,
      "10.1.28": 42,
      "10.1.06": 42,
      "10.1.13": 42,
      "10.1.04": 42,
      "10.1.02": 42,
      "10.2.02": 41,
      "10.2.05": 41,
      "10.2.14": 41,
      "10.2.15C": 41,
      "10.2.15A": 41,
      "10.2.15F": 41,
      "10.1.01": 41,
      "10.2.15E": 41,
      "stair1": 41,
      "10.2.06": 39
    },
    "floor_classes": 2,
    "floor_class_counts": {
      "1": 1196,
      "2": 893
    },
    "cv_folds_room": 5
  },
  "room_cv": {
    "knn": {
      "accuracy_mean": 0.9382476793684669,
      "accuracy_std": 0.015161804827631622,
      "f1_macro_mean": 0.9364352357116135,
      "f1_macro_std": 0.015091049595997032
    },
    "mlp": {
      "accuracy_mean": 0.964577237731346,
      "accuracy_std": 0.009964750072991083,
      "f1_macro_mean": 0.9641830392667463,
      "f1_macro_std": 0.010024367456442659
    }
  },
  "room_holdout": {
    "knn": {
      "accuracy": 0.9401913875598086,
      "precision_macro": 0.9456986276135212,
      "recall_macro": 0.9396149949341438,
      "f1_macro": 0.9389345025057427
    },
    "mlp": {
      "accuracy": 0.9545454545454546,
      "precision_macro": 0.9602698719719996,
      "recall_macro": 0.9540949003714962,
      "f1_macro": 0.9543988778788857
    }
  },
  "floor_holdout": {
    "accuracy": 1.0,
    "precision_macro": 1.0,
    "recall_macro": 1.0,
    "f1_macro": 1.0
  },
  "best_room_model": "mlp",
  "building_id": 10
}